Metric,N_Pairs,T_Statistic,P_Value,Effect_Size,Significant
Speaking_Duration,12,0.8981871545649275,0.3883229993555355,-0.09647083647269174,False
Speaking_Frequency,12,0.5994447405085437,0.5610201292268762,-0.0954345659938714,False
Editing_Activity,12,-0.28179287833874916,0.7833331708265547,0.04626198539125853,False
Browsing_Activity,12,-1.232644933115607,0.2434037436012513,0.33805959281930664,False
Posture_Score,12,-1.6441036889804475,0.12840213170384623,0.481214207409012,False
Gaze_Score,12,-1.5961723367369631,0.13875668292037685,0.5522108374059269,False
