Score,Scope,Expert1,Expert2,ExpertPair,N,ICC_2k,CI95_L,CI95_U
Process Score,Overall,E1,E2,E1_vs_E2,24,-0.6051328230526785,-4.5650490326000535,0.34137616941427973
Process Score,Condition=AI,E1,E2,E1_vs_E2,12,0.20881670533642677,-4.327958833619208,0.7743956430077302
Process Score,Condition=NoAI,E1,E2,E1_vs_E2,12,-3.942028985507245,-48.803809523809484,30.89206349206329
