Expert,Score,N_pairs,Test,Statistic,P_value_raw,Effect,Effect_name,Mean_Diff_AI_minus_NoAI,CI95_L,CI95_U,SESOI,CI_within_SESOI,TOST_p_lower,TOST_p_upper,TOST_p,TOST_equivalent,Equivalence_Conclusion,P_value_adj_Holm
E1,Process Score,12,paired_t,-1.3932610920384718,0.1910542980965691,-0.40219983326992187,Cohen_dz,-0.5,-1.289868163497877,0.28986816349787703,0.5,False,0.5,0.008848136678803353,0.5,False,Not equivalent,0.5731628942897073
E1,Outcome Score,12,wilcoxon,3.0,0.625,-0.14109759626529683,r_rb_approx,-0.25,-0.8333333333333334,0.3333333333333333,0.3,False,0.43630274964130455,0.04920953440340314,0.43630274964130455,False,Not equivalent,0.625
E1,Total Score,12,paired_t,-1.1726039399558574,0.26572321149777295,-0.338501600193165,Cohen_dz,-0.6666666666666666,-1.9180043008473402,0.5846709675140068,0.7,False,0.47714910507910635,0.01749703602901298,0.47714910507910635,False,Not equivalent,0.5731628942897073
E2,Process Score,12,paired_t,0.8206518066482898,0.42927051417211226,0.23690177073967142,Cohen_dz,0.25,-0.4204990905559032,0.9204990905559032,0.5,False,0.01578450704451717,0.21463525708605613,0.21463525708605613,False,Not equivalent,0.8585410283442245
E2,Outcome Score,12,wilcoxon,0.0,0.25,-0.3320772622111037,r_rb_approx,-0.25,-0.5,0.0,0.3,False,0.3545193354552769,0.0007270948019219015,0.3545193354552769,False,Not equivalent,0.75
E2,Total Score,12,paired_t,0.0,1.0,0.0,Cohen_dz,0.0,-0.8127676349339866,0.8127676349339866,0.7,False,0.0422882324020728,0.0422882324020728,0.0422882324020728,True,Probably equivalent,1.0
