Expert,Score,N_pairs,Test,Statistic,P_value_raw,Effect,Effect_name,Mean_Diff_AI_minus_NoAI,CI95_L,CI95_U,SESOI,CI_within_SESOI,TOST_p_lower,TOST_p_upper,TOST_p,TOST_equivalent,Equivalence_Conclusion,P_value_adj_Holm
E1,Process Score,12,paired_t,-1.3932610920384718,0.1910542980965691,-0.40219983326992187,Cohen_dz,-0.5,-1.289868163497877,0.28986816349787703,0.5,False,0.5,0.008848136678803353,0.5,False,Not equivalent,0.1910542980965691
E2,Process Score,12,paired_t,0.8206518066482898,0.42927051417211226,0.23690177073967142,Cohen_dz,0.25,-0.4204990905559032,0.9204990905559032,0.5,False,0.01578450704451717,0.21463525708605613,0.21463525708605613,False,Not equivalent,0.42927051417211226
