Type,mean,sd,n
AI,23.987962962962964,13.854311267736469,12
NoAI,19.739814814814814,11.130154850153817,12
