Type,mean,sd,n
AI,0.5362754639515367,0.2690688929800498,12
NoAI,0.6135846403490313,0.23711974377138031,12
