Type,mean,sd,n
AI,0.2235291841589729,0.1075714360678247,12
NoAI,0.2522716874436277,0.09594768603719601,12
