gini_difference_mean,gini_difference_std,t_statistic,p_value,significant
-0.07133333333333333,0.10418679805469065,-2.2707858013625466,0.04424646404530741,True
