,shapiro_statistic,shapiro_pvalue,is_normal
diff_total,0.9481488438145758,0.6100987470870961,True
diff_count,0.9137426004247069,0.23820105141331818,True
diff_gini,0.9324808191377936,0.40715088288257373,True
